"1","
"
"1","The top "
"1",""
"1","5"
"1",""
"1"," variables (out of "
"1",""
"1","9"
"1",""
"1","):
   "
"1",""
"1","Abdomen2Circumf, ChestCircumf, HipCircumf, Weight, ThighCircumf"
"1",""
"1","

"
"0","bestSubset <- featureSelect$optVariables"
"0","bestSubset"
"1","[1]"
"1"," ""Abdomen2Circumf""    "
"1"," ""ChestCircumf""       "
"1"," ""HipCircumf""         "
"1"," ""Weight""             "
"1","
"
"1","[5]"
"1"," ""ThighCircumf""       "
"1"," ""Age""                "
"1"," ""ExtendBicepsCircumf"""
"1"," ""NeckCircumf""        "
"1","
"
"1","[9]"
"1"," ""Height""             "
"1","
"
"0","vars <- c(""UnderwaterDensity"", bestSubset)"
"0","tr <- train.std[,vars]"
"0","ts <- test.std[,vars]"
