"0","set.seed(1881)"
"0","ctrl <- rfeControl(functions = rfFuncs,"
"0","                   method = ""repeatedcv"","
"0","                   number = 5,"
"0","                   repeats = 1,"
"0","                   verbose = FALSE)"
"0",""
"0","featureSelect <- rfe(x=train.std[,-1], y=train.std[,1],"
"0","                     sizes = c(1:30),"
"0","                     metric = ""RMSE"","
"0","                     rfeControl = ctrl)"
"0",""
"0","featureSelect"
"1","
Recursive feature selection

"
"1","Outer resampling method:"
"1"," "
"1","Cross-Validated (5 fold, repeated 1 times)"
"1"," "
"1","
"
"1","
Resampling performance over subset size:

"
