"0","fitLM <- train(x = tr[,-1], y = tr[,1], method = ""lm"", tuneLength = 10,"
"0","               trControl = trainControl(method = ""repeatedcv"", number = 5, repeats = 3))"
"0","fitLM"
"1","Linear Regression"
"1"," "
"1","

"
"1","195"
"1",""
"1"," samples"
"1","
"
"1","  9"
"1",""
"1"," predictor"
"1",""
"1","
"
"1","
"
"1","No pre-processing
"
"1","Resampling:"
"1"," "
"1","Cross-Validated (5 fold, repeated 3 times)"
"1"," "
"1","
"
"1","Summary of sample sizes:"
"1"," "
"1","155, 155, 156, 157, 157, 155, ..."
"1"," "
"1","
"
"1","Resampling results"
"1",":

"
"1",""
"1","  RMSE     "
"1","  Rsquared "
"1","  MAE      "
"1","
"
"1","  0.5395455"
"1","  0.7214679"
"1","  0.4403697"
"1","
"
"1","
"
"1","Tuning parameter 'intercept' was held constant at a value of TRUE"
"1","
"
"1",""
