{"chunk_definitions":[{"row":21,"row_count":1,"visible":true,"expansion_state":0,"options":{"engine":"r","label":"setup","include":false},"document_id":"4C23D1F9","chunk_id":"csetup_chunk","chunk_label":"setup"},{"row":44,"row_count":1,"visible":true,"expansion_state":0,"options":{"engine":"r","label":"kutuphane_yükleme"},"document_id":"166FD650","chunk_id":"c6m5e8vwubi9a","chunk_label":"\"kutuphane_yükleme\""},{"row":87,"row_count":1,"visible":true,"expansion_state":0,"options":{"engine":"r","label":"veri_yükleme"},"document_id":"166FD650","chunk_id":"cah7k48smn12z","chunk_label":"\"veri_yükleme\""},{"row":101,"row_count":1,"visible":true,"expansion_state":0,"options":{"engine":"r"},"document_id":"166FD650","chunk_id":"cz96i6w1hfo8m","chunk_label":"\"veri_görsel_önincelemesi\""},{"row":114,"row_count":1,"visible":true,"expansion_state":0,"options":{"engine":"r","label":"asiri_degerlerin_tespiti_ve_cikarilmasi"},"document_id":"166FD650","chunk_id":"c0gzhz6aw6g70","chunk_label":"\"asiri_degerlerin_tespiti_ve_cikarilmasi\""},{"row":127,"row_count":1,"visible":true,"expansion_state":0,"options":{"engine":"r"},"document_id":"166FD650","chunk_id":"c4a95s9yqwbep","chunk_label":"\"veri_görsel_yeniden_incelemesi\""},{"row":143,"row_count":1,"visible":true,"expansion_state":0,"options":{"engine":"r","label":"unnamed-chunk-10"},"document_id":"166FD650","chunk_id":"cc7jbphnplnil","chunk_label":"unnamed-chunk-1"},{"row":165,"row_count":1,"visible":true,"expansion_state":0,"options":{"engine":"r","label":"unnamed-chunk-11"},"document_id":"166FD650","chunk_id":"c06evavthoe24","chunk_label":"unnamed-chunk-2"},{"row":175,"row_count":1,"visible":true,"expansion_state":0,"options":{"engine":"r","label":"unnamed-chunk-3"},"document_id":"166FD650","chunk_id":"cncio9j63klcs","chunk_label":"unnamed-chunk-3"},{"row":200,"row_count":1,"visible":true,"expansion_state":0,"options":{"engine":"r","label":"unnamed-chunk-4"},"document_id":"166FD650","chunk_id":"cajft28ntunuw","chunk_label":"unnamed-chunk-4"},{"row":216,"row_count":1,"visible":true,"expansion_state":0,"options":{"engine":"r","label":"unnamed-chunk-5"},"document_id":"166FD650","chunk_id":"cf7wbw5paf9aj","chunk_label":"unnamed-chunk-5"},{"row":224,"row_count":1,"visible":true,"expansion_state":0,"options":{"engine":"r","label":"unnamed-chunk-10"},"document_id":"166FD650","chunk_id":"c4md34rksz0i4","chunk_label":"unnamed-chunk-6"},{"row":232,"row_count":1,"visible":true,"expansion_state":0,"options":{"engine":"r","label":"unnamed-chunk-9"},"document_id":"166FD650","chunk_id":"cwfmxyc3dwizx","chunk_label":"unnamed-chunk-7"},{"row":240,"row_count":1,"visible":true,"expansion_state":0,"options":{"engine":"r","label":"unnamed-chunk-8"},"document_id":"166FD650","chunk_id":"c6a42asjk7eu0","chunk_label":"unnamed-chunk-8"},{"row":255,"row_count":1,"visible":true,"expansion_state":0,"options":{"engine":"r","label":"unnamed-chunk-11"},"document_id":"166FD650","chunk_id":"cx469g1snx84i","chunk_label":"unnamed-chunk-9"},{"row":276,"row_count":1,"visible":true,"expansion_state":0,"options":{"engine":"r","label":"unnamed-chunk-12"},"document_id":"166FD650","chunk_id":"cystnus820ufo","chunk_label":"unnamed-chunk-10"}],"doc_write_time":1652562177}