{"chunk_definitions":[{"row":21,"row_count":1,"visible":true,"expansion_state":0,"options":{"engine":"r","label":"setup","include":false},"document_id":"4C23D1F9","chunk_id":"csetup_chunk","chunk_label":"setup"},{"row":66,"row_count":1,"visible":true,"expansion_state":0,"options":{"engine":"r","label":"unnamed-chunk-2"},"document_id":"4C23D1F9","chunk_id":"colnp33hb5ayo","chunk_label":"unnamed-chunk-1"},{"row":117,"row_count":1,"visible":true,"expansion_state":0,"options":{"engine":"r","label":"veri_yükleme"},"document_id":"4C23D1F9","chunk_id":"c6h78so4c4y2a","chunk_label":"\"veri_yükleme\""},{"row":143,"row_count":1,"visible":true,"expansion_state":0,"options":{"engine":"r","label":"correlation_filter"},"document_id":"4C23D1F9","chunk_id":"codsravqvzyjs","chunk_label":"\"correlation_filter\""},{"row":157,"row_count":1,"visible":true,"expansion_state":0,"options":{"engine":"r","label":"preProcess"},"document_id":"4C23D1F9","chunk_id":"cv07ehvwubxf3","chunk_label":"\"preProcess\""},{"row":167,"row_count":1,"visible":true,"expansion_state":0,"options":{"engine":"r","eval":false,"label":"unnamed-chunk-2"},"document_id":"4C23D1F9","chunk_id":"cyllf2vr402mh","chunk_label":"unnamed-chunk-2"},{"row":188,"row_count":1,"visible":true,"expansion_state":0,"options":{"engine":"r","label":"feature_plot1","fig.height":7,"fig.width":10,"fig.cap":"Yanıt değişkeni ile bağımsız değişkenler arası ilişkiler"},"document_id":"4C23D1F9","chunk_id":"c4mb88y5t0jr3","chunk_label":"\"feature_plot1\""},{"row":214,"row_count":1,"visible":true,"expansion_state":0,"options":{"engine":"r","label":"outlier_detection"},"document_id":"4C23D1F9","chunk_id":"cm6rdbiutivgb","chunk_label":"\"outlier_detection\""},{"row":233,"row_count":1,"visible":true,"expansion_state":0,"options":{"engine":"r","label":"featurePlot2","fig.height":7,"fig.width":10,"echo":false,"fig.cap":"Yanıt değişkeni ile bağımsız değişkenler arası ilişkiler (Aykırı gözlemler veriden çıkartılmıştır.)"},"document_id":"4C23D1F9","chunk_id":"cq5ti792gl8ko","chunk_label":"\"featurePlot2\""},{"row":248,"row_count":1,"visible":true,"expansion_state":0,"options":{"engine":"r","label":"parallel_computing","results":"hide"},"document_id":"4C23D1F9","chunk_id":"cte1tlyjp4c29","chunk_label":"\"parallel_computing\""},{"row":253,"row_count":1,"visible":true,"expansion_state":0,"options":{"engine":"r","eval":true,"label":"unnamed-chunk-3"},"document_id":"4C23D1F9","chunk_id":"cnk2d0lhyahb2","chunk_label":"unnamed-chunk-3"},{"row":270,"row_count":1,"visible":true,"expansion_state":0,"options":{"engine":"r","eval":true,"label":"unnamed-chunk-4"},"document_id":"4C23D1F9","chunk_id":"cysc2val7ca05","chunk_label":"unnamed-chunk-4"},{"row":285,"row_count":1,"visible":true,"expansion_state":0,"options":{"engine":"r","eval":true,"label":"unnamed-chunk-5"},"document_id":"4C23D1F9","chunk_id":"c3jl4vbmq65he","chunk_label":"unnamed-chunk-5"},{"row":300,"row_count":1,"visible":true,"expansion_state":0,"options":{"engine":"r","eval":true,"label":"unnamed-chunk-6"},"document_id":"4C23D1F9","chunk_id":"cy43ucv8x8l27","chunk_label":"unnamed-chunk-6"},{"row":313,"row_count":1,"visible":true,"expansion_state":0,"options":{"engine":"r","eval":true,"label":"unnamed-chunk-7"},"document_id":"4C23D1F9","chunk_id":"cg8jksg3hh74x","chunk_label":"unnamed-chunk-7"},{"row":325,"row_count":1,"visible":true,"expansion_state":0,"options":{"engine":"r","eval":true,"label":"unnamed-chunk-8"},"document_id":"4C23D1F9","chunk_id":"cdc24yarpdrev","chunk_label":"unnamed-chunk-8"},{"row":337,"row_count":1,"visible":true,"expansion_state":0,"options":{"engine":"r","eval":false,"label":"unnamed-chunk-9"},"document_id":"4C23D1F9","chunk_id":"ciy9q6wv4fa2e","chunk_label":"unnamed-chunk-9"},{"row":354,"row_count":1,"visible":true,"expansion_state":0,"options":{"engine":"r","eval":true,"label":"unnamed-chunk-11"},"document_id":"4C23D1F9","chunk_id":"cz8izbxfdlo2o","chunk_label":"unnamed-chunk-10"},{"row":384,"row_count":1,"visible":true,"expansion_state":0,"options":{"engine":"r","label":"unnamed-chunk-14"},"document_id":"4C23D1F9","chunk_id":"cj69ifhsqkokl","chunk_label":"unnamed-chunk-11"},{"row":396,"row_count":1,"visible":true,"expansion_state":0,"options":{"engine":"r","fig.width":12,"fig.height":9,"fig.cap":"Doğrusal regresyon modeli artık analizi.","label":"unnamed-chunk-15"},"document_id":"4C23D1F9","chunk_id":"c5kc26i4914wo","chunk_label":"unnamed-chunk-12"},{"row":416,"row_count":1,"visible":true,"expansion_state":0,"options":{"engine":"r","label":"unnamed-chunk-17"},"document_id":"4C23D1F9","chunk_id":"cpg3vcpx0viec","chunk_label":"unnamed-chunk-13"},{"row":426,"row_count":1,"visible":true,"expansion_state":0,"options":{"engine":"r","label":"unnamed-chunk-18"},"document_id":"4C23D1F9","chunk_id":"cgnd2esah2dui","chunk_label":"unnamed-chunk-14"},{"row":442,"row_count":1,"visible":true,"expansion_state":0,"options":{"engine":"r","label":"unnamed-chunk-19"},"document_id":"4C23D1F9","chunk_id":"cfz40wrx43jbv","chunk_label":"unnamed-chunk-15"},{"row":458,"row_count":1,"visible":true,"expansion_state":0,"options":{"engine":"r","label":"unnamed-chunk-20"},"document_id":"4C23D1F9","chunk_id":"cyc7225gtzmsj","chunk_label":"unnamed-chunk-16"},{"row":481,"row_count":1,"visible":true,"expansion_state":0,"options":{"engine":"r","label":"unnamed-chunk-21"},"document_id":"4C23D1F9","chunk_id":"cuqhvw0tvpcdb","chunk_label":"unnamed-chunk-17"},{"row":567,"row_count":1,"visible":true,"expansion_state":0,"options":{"engine":"r","label":"unnamed-chunk-22"},"document_id":"4C23D1F9","chunk_id":"cssjs83mfy7tk","chunk_label":"unnamed-chunk-18"},{"row":615,"row_count":1,"visible":true,"expansion_state":0,"options":{"engine":"r","label":"chunk_dncr","fig.height":4,"fig.width":12,"fig.cap":"Regresyon modelleri tahmin değerleri karşılaştırması."},"document_id":"4C23D1F9","chunk_id":"cap8srja7hudv","chunk_label":"\"chunk_dncr\""},{"row":634,"row_count":1,"visible":true,"expansion_state":0,"options":{"engine":"r","fig.height":9,"fig.width":12,"fig.cap":"Temel bileşenler regresyon (PCR) modeli artık analizi.","label":"unnamed-chunk-23"},"document_id":"4C23D1F9","chunk_id":"ccddqeopwcejf","chunk_label":"unnamed-chunk-19"}],"doc_write_time":1652532515,"chunk_rendered_width":700,"working_dir":null,"default_chunk_options":{"echo":true,"fig.align":"center","message":false,"warning":false,"fig.pos":"h"}}